{
  "IsEncrypted": false,
  "Values": {
    "TWITTER_KEYWORDS": "#Azure,#Windows10,#XBox,#IoT,#Office365",
    "WEBSITE_SLOT_NAME": "Production",
    "PbiApiKey": "M5SFronaqhHT+1L46y7AZHnlHseLIL5eiw0MGZ7iqcG+yL9JnkFLl2IsTpPNZG6gl+9y4HpFBjGfrrXb4n4UmQ==",
    "FUNCTIONS_EXTENSION_VERSION": "latest",
    "TWITTER_OAUTH_CONSUMER_KEY": "MbirEo5Jvm9klmpZrUUidvJsB",
    "ScmType": "None",
    "WEBSITE_AUTH_ENABLED": "False",
    "TWITTER_OAUTH_TOKEN": "114718135-xPPviocxedxjWjL19HLNq4ivRKqmdCv7UwcPNZBO",
    "TWITTER_OAUTH_TOKEN_SECRET": "XYBygH9Grj5tna9rJmbkDH0plFWgw4CfIRPhGvuEQGYU5",
    "PbiWorkspaceCollectionName": "epbi-b6dcvvy7yqrnw",
    "TWITTER_OAUTH_CONSUMER_SECRET": "b9C6wR2VypPUcaRtnQjvrJk5Ukt75FL5a5sLRMOoifskdm86eI",
    "WEBSITE_SITE_NAME": "functions-b6dcvvy7yqrnw",
    "PbiWorkspaceId": "bf2a119e-c5fb-44ee-92d4-5c096dd14357"
  }
}